,LHS,LHS_size,RHS,RHS_size,conf,sup,lift,cov
0,"('a = b',)",1,"('Violated',)",1,1.0,0.09,1.8181818181818181,449999999.99999994
1,"('a > b',)",1,"('No-violated',)",1,1.0,0.36,2.222222222222222,550000000.0
2,"('a < b',)",1,"('Violated',)",1,1.0,0.36,1.8181818181818181,449999999.99999994
3,"('a == b == 0',)",1,"('Violated',)",1,1.0,0.01,1.8181818181818183,449999999.99999994
4,"('a > b (b == 0)',)",1,"('No-violated',)",1,1.0,0.09,2.222222222222222,550000000.0
5,"('a < b (a == 0)',)",1,"('Violated',)",1,1.0,0.09,1.8181818181818181,449999999.99999994
