,LHS,LHS_size,RHS,RHS_size,conf,sup,lift,cov
0,"('a == b == 0',)",1,"('No-violated',)",1,1.0,0.01,10.0,900000000.0
1,"('a > b (b == 0)',)",1,"('Violated',)",1,1.0,0.09,1.111111111111111,99999999.99999997
2,"('a < b',)",1,"('Violated',)",1,1.0,0.36,1.111111111111111,99999999.99999997
3,"('a = b',)",1,"('No-violated',)",1,1.0,0.09,10.0,900000000.0
4,"('a > b',)",1,"('Violated',)",1,1.0,0.36,1.111111111111111,99999999.99999997
5,"('a < b (a == 0)',)",1,"('Violated',)",1,1.0,0.09,1.111111111111111,99999999.99999997
