,LHS,LHS_size,RHS,RHS_size,conf,sup,lift,cov
0,"('a == b == 0',)",1,"('Violated',)",1,1.0,0.01,100.0,989999999.9999999
1,"('a > b',)",1,"('No-violated',)",1,1.0,0.36,1.0101010101010102,10000000.000000007
2,"('a < b (a == 0)',)",1,"('No-violated',)",1,1.0,0.09,1.0101010101010102,10000000.000000007
3,"('a = b',)",1,"('No-violated',)",1,1.0,0.09,1.0101010101010102,10000000.000000007
4,"('Violated',)",1,"('a == b == 0',)",1,1.0,0.01,100.0,989999999.9999999
5,"('a > b (b == 0)',)",1,"('No-violated',)",1,1.0,0.09,1.0101010101010102,10000000.000000007
6,"('a < b',)",1,"('No-violated',)",1,1.0,0.36,1.0101010101010102,10000000.000000007
