,LHS,LHS_size,RHS,RHS_size,conf,sup,lift,cov
0,"('a < b',)",1,"('Violated',)",1,1.0,0.46,1.639344262295082,390000000.0
1,"('a = b',)",1,"('Violated',)",1,1.0,0.06,1.6393442622950818,390000000.0
2,"('a > b (b == 0)',)",1,"('No-violated',)",1,1.0,0.07,2.5641025641025643,610000000.0
3,"('a < b (a == 0)',)",1,"('Violated',)",1,1.0,0.09,1.639344262295082,390000000.0
4,"('a > b',)",1,"('No-violated',)",1,1.0,0.32,2.5641025641025643,610000000.0
