,LHS,LHS_size,RHS,RHS_size,conf,sup,lift,cov
0,"('a > b (b == 0)',)",1,"('Violated',)",1,1.0,0.07,1.0638297872340428,60000000.00000005
1,"('a > b',)",1,"('Violated',)",1,1.0,0.32,1.0638297872340425,60000000.00000005
2,"('a < b',)",1,"('Violated',)",1,1.0,0.46,1.0638297872340425,60000000.00000005
3,"('a < b (a == 0)',)",1,"('Violated',)",1,1.0,0.09,1.0638297872340425,60000000.00000005
4,"('a = b',)",1,"('No-violated',)",1,1.0,0.06,16.666666666666668,939999999.9999999
5,"('No-violated',)",1,"('a = b',)",1,1.0,0.06,16.666666666666668,939999999.9999999
